Model,MAE,RMSE,R2
RandomForest (tabular),0.1895459929954229,0.26971458474788307,0.9703178786748493
Ridge (tabular),0.2655465223094421,0.3446417097731347,0.9515357222053192
